"Year","avg_gamelength"
"2014","36.6538461538461538"
"2015","38.3315508021390374"
"2016","37.0400962309542903"
"2017","36.3585019631531259"
"2018","37.6431535269709544"